email,label
"Hi Michael, can we reschedule our call to Tuesday at 9:00 AM?",ham
Could you please review the report before our Thursday meeting?,ham
ALERT: Unusual login detected. Click claim-prize.co to secure your account NOW.,spam
URGENT: Your account will be suspended. Verify immediately at claim-prize.co,spam
CONGRATULATIONS! YOU QUALIFY FOR A $1000 GOVERNMENT GRANT. APPLY NOW.,spam
Quick reminder: the Budget Analysis deadline is next Friday. Please submit your work.,ham
FREE offer! Get gift card absolutely free. Limited time offer. Act now!,spam
"Hi, I'm reaching out regarding the Software Engineer position at our company.",ham
Increase your income by $25000 monthly with our proven system.,spam
Reminder: Your subscription renews on Friday. No action needed if you wish to continue.,ham
"Hi David, just wanted to follow up on our meeting scheduled for Wednesday.",ham
ALERT: Unusual login detected. Click verify-now.net to secure your account NOW.,spam
Your PayPal account is limited. Confirm your identity at secure-login.xyz immediately.,spam
The team lunch is on Thursday at 2:00 PM. Hope to see everyone there!,ham
Work from home and earn $50000/week. No skills needed. Start today!,spam
Make $10000 from home every day! No experience needed. 100% guaranteed.,spam
Congratulations! You qualify for a $10000 government grant. Apply now.,spam
"Happy birthday, Emma! Hope you have a wonderful day.",ham
Your appointment is confirmed for Wednesday at 10:30 AM with Dr. Michael.,ham
Your computer has 5234 viruses! Download our free scanner immediately.,spam
ALERT: UNUSUAL LOGIN DETECTED. CLICK SECURE-LOGIN.XYZ TO SECURE YOUR ACCOUNT NOW.,spam
Your appointment is confirmed for Friday at 9:00 AM with Dr. Lisa.,ham
The Marketing Campaign is on track. We completed 389% of the milestones this week.,ham
Investment opportunity: 304% returns guaranteed. Join 25000 investors.,spam
FREE offer! Get vacation package absolutely free. Limited time offer. Act now!,spam
"Dear winner, your email has won the PowerBall lottery. Send details to claim.",spam
Your appointment is confirmed for Thursday at 9:00 AM with Dr. David.,ham
Investment opportunity: 319% returns guaranteed. Join 50000 investors.,spam
Your computer has 7174 viruses! Download our free scanner immediately.,spam
"Dear winner, your email has won the PowerBall lottery. Send details to claim.",spam
YOU HAVE BEEN SELECTED FOR A SPECIAL CHASE REWARD. CLAIM YOUR $10000 TODAY.,spam
"Hi John, your order #6593 has been processed successfully.",ham
Could you please review the report before our Wednesday meeting?,ham
Quick reminder: the Marketing Campaign deadline is next Monday. Please submit your work.,ham
FREE offer! Get vacation package absolutely free. Limited time offer. Act now!,spam
URGENT: Your account will be suspended. Verify immediately at secure-login.xyz,spam
URGENT: Your account will be suspended. Verify immediately at claim-prize.co,spam
Increase your income by $50000 monthly with our proven system.,spam
Buy iPhone at 90% discount! Today only. Order now for free shipping!,spam
Please find attached the report for Q4 Review. Let me know your thoughts.,ham
The quarterly results are in. Please check the attached contract for details.,ham
Hot singles in your area are waiting. Click here to meet them tonight!,spam
Please find attached the report for Website Redesign. Let me know your thoughts.,ham
Your computer has 9993 viruses! Download our free scanner immediately.,spam
The quarterly results are in. Please check the attached proposal for details.,ham
Hot singles in your area are waiting. Click here to meet them tonight!,spam
Hot singles in your area are waiting. Click here to meet them tonight!,spam
Buy gift card at 90% discount! Today only. Order now for free shipping!,spam
FREE iPhone 16! You are the 1313th visitor. Claim your prize now.,spam
URGENT: YOUR ACCOUNT WILL BE SUSPENDED. VERIFY IMMEDIATELY AT CLAIM-PRIZE.CO,spam
Thanks for your email. I'll review the contract and get back to you by Thursday.,ham
"Happy birthday, Lisa! Hope you have a wonderful day.",ham
CONGRATULATIONS! YOU QUALIFY FOR A $1000 GOVERNMENT GRANT. APPLY NOW.,spam
Make $50000 from home every day! No experience needed. 100% guaranteed.,spam
The Budget Analysis is on track. We completed 111% of the milestones this week.,ham
FREE IPHONE 13 MAX! YOU ARE THE 9281TH VISITOR. CLAIM YOUR PRIZE NOW.,spam
"Hi Michael, can we reschedule our call to Wednesday at 3:30 PM?",ham
The Q4 Review is on track. We completed 135% of the milestones this week.,ham
"Hi Emma, just wanted to follow up on our meeting scheduled for Wednesday.",ham
BUY LAPTOP AT 90% DISCOUNT! TODAY ONLY. ORDER NOW FOR FREE SHIPPING!,spam
FREE offer! Get vacation package absolutely free. Limited time offer. Act now!,spam
YOU HAVE BEEN SELECTED FOR A SPECIAL CITI REWARD. CLAIM YOUR $5000 TODAY.,spam
WORK FROM HOME AND EARN $50000/WEEK. NO SKILLS NEEDED. START TODAY!,spam
URGENT: Your account will be suspended. Verify immediately at verify-now.net,spam
"Dear winner, your email has won the Euro Millions lottery. Send details to claim.",spam
The team lunch is on Wednesday at 2:00 PM. Hope to see everyone there!,ham
FREE iPhone 15 Pro! You are the 9148th visitor. Claim your prize now.,spam
You have been selected for a special Wells Fargo reward. Claim your $500 today.,spam
Congratulations! You've won a $1000 prize. Click here to claim now!,spam
Your computer has 5695 viruses! Download our free scanner immediately.,spam
You have been selected for a special Bank of America reward. Claim your $5000 today.,spam
URGENT: YOUR ACCOUNT WILL BE SUSPENDED. VERIFY IMMEDIATELY AT SECURE-LOGIN.XYZ,spam
"Hi Michael, your order #6605 has been processed successfully.",ham
YOUR PAYPAL ACCOUNT IS LIMITED. CONFIRM YOUR IDENTITY AT CLAIM-PRIZE.CO IMMEDIATELY.,spam
CONGRATULATIONS! YOU'VE WON A $10000 PRIZE. CLICK HERE TO CLAIM NOW!,spam
CONGRATULATIONS! YOU QUALIFY FOR A $1000 GOVERNMENT GRANT. APPLY NOW.,spam
FINAL NOTICE: You owe $500. Pay now to avoid legal action.,spam
Increase your income by $25000 monthly with our proven system.,spam
I've shared the Website Redesign presentation with you on Google Drive.,ham
Quick reminder: the Website Redesign deadline is next Tuesday. Please submit your work.,ham
"Hi Sarah, can we reschedule our call to Wednesday at 4:00 PM?",ham
HOT SINGLES IN YOUR AREA ARE WAITING. CLICK HERE TO MEET THEM TONIGHT!,spam
Your appointment is confirmed for Thursday at 3:30 PM with Dr. Emma.,ham
YOU HAVE BEEN SELECTED FOR A SPECIAL CITI REWARD. CLAIM YOUR $50000 TODAY.,spam
Make $500 from home every day! No experience needed. 100% guaranteed.,spam
Just a heads up that I'll be out of office from Tuesday to Tuesday.,ham
Could you please review the contract before our Friday meeting?,ham
Your PayPal account is limited. Confirm your identity at claim-prize.co immediately.,spam
I've shared the Budget Analysis presentation with you on Google Drive.,ham
"Hi Sarah, just wanted to follow up on our meeting scheduled for Tuesday.",ham
FINAL NOTICE: YOU OWE $1000. PAY NOW TO AVOID LEGAL ACTION.,spam
Your computer has 4054 viruses! Download our free scanner immediately.,spam
Your PayPal account is limited. Confirm your identity at claim-prize.co immediately.,spam
FREE IPHONE 15 PRO! YOU ARE THE 6405TH VISITOR. CLAIM YOUR PRIZE NOW.,spam
Reminder: Your subscription renews on Tuesday. No action needed if you wish to continue.,ham
Please find attached the report for Website Redesign. Let me know your thoughts.,ham
Lose 42 lbs in 30 days! Miracle pill doctors don't want you to know.,spam
"Happy birthday, Sarah! Hope you have a wonderful day.",ham
FREE offer! Get iPhone absolutely free. Limited time offer. Act now!,spam
Buy car at 90% discount! Today only. Order now for free shipping!,spam
HOT SINGLES IN YOUR AREA ARE WAITING. CLICK HERE TO MEET THEM TONIGHT!,spam
ALERT: Unusual login detected. Click secure-login.xyz to secure your account NOW.,spam
Reminder: Your subscription renews on Thursday. No action needed if you wish to continue.,ham
YOU HAVE BEEN SELECTED FOR A SPECIAL BANK OF AMERICA REWARD. CLAIM YOUR $1000 TODAY.,spam
The team lunch is on Friday at 2:00 PM. Hope to see everyone there!,ham
"Hi Sarah, your order #824 has been processed successfully.",ham
Thanks for your email. I'll review the proposal and get back to you by Friday.,ham
Thanks for your email. I'll review the contract and get back to you by Monday.,ham
Can you send me the latest version of the proposal? Thanks.,ham
Please find attached the report for Q4 Review. Let me know your thoughts.,ham
Congratulations! You qualify for a $500 government grant. Apply now.,spam
I've shared the Marketing Campaign presentation with you on Google Drive.,ham
Make $500 from home every day! No experience needed. 100% guaranteed.,spam
Thanks for your email. I'll review the proposal and get back to you by Wednesday.,ham
Can you send me the latest version of the presentation? Thanks.,ham
"Hi David, your order #3895 has been processed successfully.",ham
You have been selected for a special Chase reward. Claim your $500 today.,spam
BUY IPHONE AT 90% DISCOUNT! TODAY ONLY. ORDER NOW FOR FREE SHIPPING!,spam
The Budget Analysis is on track. We completed 63% of the milestones this week.,ham
ALERT: UNUSUAL LOGIN DETECTED. CLICK SECURE-LOGIN.XYZ TO SECURE YOUR ACCOUNT NOW.,spam
YOUR PAYPAL ACCOUNT IS LIMITED. CONFIRM YOUR IDENTITY AT VERIFY-NOW.NET IMMEDIATELY.,spam
"Hi, I'm reaching out regarding the Product Manager position at our company.",ham
"Hi, I'm reaching out regarding the Designer position at our company.",ham
"Hi, I'm reaching out regarding the Data Analyst position at our company.",ham
FINAL NOTICE: YOU OWE $5000. PAY NOW TO AVOID LEGAL ACTION.,spam
"Hi Lisa, your order #5197 has been processed successfully.",ham
Lose 48 lbs in 30 days! Miracle pill doctors don't want you to know.,spam
Congratulations! You've won a $50000 prize. Click here to claim now!,spam
Just a heads up that I'll be out of office from Tuesday to Tuesday.,ham
Your package has been shipped. Expected delivery: Friday. Track at verify-now.net,ham
FINAL NOTICE: YOU OWE $50000. PAY NOW TO AVOID LEGAL ACTION.,spam
Please find attached the report for Q4 Review. Let me know your thoughts.,ham
ALERT: Unusual login detected. Click claim-prize.co to secure your account NOW.,spam
CONGRATULATIONS! YOU QUALIFY FOR A $10000 GOVERNMENT GRANT. APPLY NOW.,spam
"Hi Lisa, your order #3142 has been processed successfully.",ham
Can you send me the latest version of the presentation? Thanks.,ham
"Hi Sarah, can we reschedule our call to Monday at 10:30 AM?",ham
Congratulations! You've won a $25000 prize. Click here to claim now!,spam
FREE offer! Get iPhone absolutely free. Limited time offer. Act now!,spam
Could you please review the contract before our Thursday meeting?,ham
I've shared the Budget Analysis presentation with you on Google Drive.,ham
Quick reminder: the Website Redesign deadline is next Thursday. Please submit your work.,ham
Work from home and earn $50000/week. No skills needed. Start today!,spam
Please find attached the report for Budget Analysis. Let me know your thoughts.,ham
The quarterly results are in. Please check the attached contract for details.,ham
Lose 43 lbs in 7 days! Miracle pill doctors don't want you to know.,spam
Your package has been shipped. Expected delivery: Wednesday. Track at claim-prize.co,ham
Just a heads up that I'll be out of office from Wednesday to Wednesday.,ham
MEET JOHN WHO MAKES $25000/DAY TRADING CRYPTO. LEARN HIS SECRET!,spam
Lose 46 lbs in 14 days! Miracle pill doctors don't want you to know.,spam
The team lunch is on Wednesday at 4:00 PM. Hope to see everyone there!,ham
Congratulations! You've won a $500 prize. Click here to claim now!,spam
Thanks for your email. I'll review the contract and get back to you by Monday.,ham
Hot singles in your area are waiting. Click here to meet them tonight!,spam
The Budget Analysis is on track. We completed 269% of the milestones this week.,ham
FREE iPhone 16! You are the 7035th visitor. Claim your prize now.,spam
Congratulations! You've won a $1000 prize. Click here to claim now!,spam
ALERT: Unusual login detected. Click claim-prize.co to secure your account NOW.,spam
I've shared the Q4 Review presentation with you on Google Drive.,ham
URGENT: Your account will be suspended. Verify immediately at claim-prize.co,spam
I've shared the Website Redesign presentation with you on Google Drive.,ham
The Website Redesign is on track. We completed 251% of the milestones this week.,ham
I've shared the Marketing Campaign presentation with you on Google Drive.,ham
Meet John who makes $25000/day trading crypto. Learn his secret!,spam
Hot singles in your area are waiting. Click here to meet them tonight!,spam
Quick reminder: the Marketing Campaign deadline is next Wednesday. Please submit your work.,ham
Buy laptop at 90% discount! Today only. Order now for free shipping!,spam
Reminder: Your subscription renews on Monday. No action needed if you wish to continue.,ham
Just a heads up that I'll be out of office from Thursday to Thursday.,ham
BUY VACATION PACKAGE AT 90% DISCOUNT! TODAY ONLY. ORDER NOW FOR FREE SHIPPING!,spam
Meeting notes from Friday: Q4 Review discussed. Next steps assigned to Sarah.,ham
"Hi David, just wanted to follow up on our meeting scheduled for Friday.",ham
Lose 11 lbs in 21 days! Miracle pill doctors don't want you to know.,spam
LOSE 21 LBS IN 7 DAYS! MIRACLE PILL DOCTORS DON'T WANT YOU TO KNOW.,spam
INCREASE YOUR INCOME BY $25000 MONTHLY WITH OUR PROVEN SYSTEM.,spam
Congratulations! You've won a $50000 prize. Click here to claim now!,spam
URGENT: Your account will be suspended. Verify immediately at claim-prize.co,spam
Your package has been shipped. Expected delivery: Wednesday. Track at verify-now.net,ham
Meet Sarah who makes $1000/day trading crypto. Learn his secret!,spam
The quarterly results are in. Please check the attached contract for details.,ham
Please find attached the report for Q4 Review. Let me know your thoughts.,ham
Your appointment is confirmed for Monday at 2:00 PM with Dr. Michael.,ham
YOU HAVE BEEN SELECTED FOR A SPECIAL CITI REWARD. CLAIM YOUR $25000 TODAY.,spam
"Hi Sarah, your order #3056 has been processed successfully.",ham
Exclusive deal for you: laptop at $500. Order before midnight!,spam
Just a heads up that I'll be out of office from Friday to Friday.,ham
Your computer has 8206 viruses! Download our free scanner immediately.,spam
The Website Redesign is on track. We completed 373% of the milestones this week.,ham
WORK FROM HOME AND EARN $5000/WEEK. NO SKILLS NEEDED. START TODAY!,spam
Your computer has 6507 viruses! Download our free scanner immediately.,spam
Quick reminder: the Marketing Campaign deadline is next Tuesday. Please submit your work.,ham
The monthly newsletter is ready. Read about updates to laptop and more.,ham
Your PayPal account is limited. Confirm your identity at claim-prize.co immediately.,spam
Just a heads up that I'll be out of office from Tuesday to Tuesday.,ham
Your computer has 3968 viruses! Download our free scanner immediately.,spam
Buy iPhone at 90% discount! Today only. Order now for free shipping!,spam
HOT SINGLES IN YOUR AREA ARE WAITING. CLICK HERE TO MEET THEM TONIGHT!,spam
Quick reminder: the Q4 Review deadline is next Monday. Please submit your work.,ham
Please find attached the report for Marketing Campaign. Let me know your thoughts.,ham
Buy laptop at 90% discount! Today only. Order now for free shipping!,spam
Your package has been shipped. Expected delivery: Monday. Track at claim-prize.co,ham
Can you send me the latest version of the contract? Thanks.,ham
Your appointment is confirmed for Thursday at 2:00 PM with Dr. Emma.,ham
Can you send me the latest version of the proposal? Thanks.,ham
The monthly newsletter is ready. Read about updates to car and more.,ham
"Dear winner, your email has won the PowerBall lottery. Send details to claim.",spam
Could you please review the contract before our Wednesday meeting?,ham
The quarterly results are in. Please check the attached proposal for details.,ham
Could you please review the spreadsheet before our Tuesday meeting?,ham
Can you send me the latest version of the presentation? Thanks.,ham
The team lunch is on Monday at 4:00 PM. Hope to see everyone there!,ham
"Hi John, your order #6658 has been processed successfully.",ham
"Dear winner, your email has won the Mega Millions lottery. Send details to claim.",spam
The monthly newsletter is ready. Read about updates to gift card and more.,ham
Reminder: Your subscription renews on Thursday. No action needed if you wish to continue.,ham
Work from home and earn $1000/week. No skills needed. Start today!,spam
Can you send me the latest version of the proposal? Thanks.,ham
Buy car at 90% discount! Today only. Order now for free shipping!,spam
I've shared the Q4 Review presentation with you on Google Drive.,ham
CONGRATULATIONS! YOU'VE WON A $50000 PRIZE. CLICK HERE TO CLAIM NOW!,spam
I've shared the Budget Analysis presentation with you on Google Drive.,ham
Reminder: Your subscription renews on Friday. No action needed if you wish to continue.,ham
The quarterly results are in. Please check the attached contract for details.,ham
Quick reminder: the Budget Analysis deadline is next Monday. Please submit your work.,ham
BUY IPHONE AT 90% DISCOUNT! TODAY ONLY. ORDER NOW FOR FREE SHIPPING!,spam
Meet Emma who makes $500/day trading crypto. Learn his secret!,spam
Quick reminder: the Budget Analysis deadline is next Thursday. Please submit your work.,ham
FREE offer! Get gift card absolutely free. Limited time offer. Act now!,spam
URGENT: Your account will be suspended. Verify immediately at secure-login.xyz,spam
Your package has been shipped. Expected delivery: Tuesday. Track at secure-login.xyz,ham
HOT SINGLES IN YOUR AREA ARE WAITING. CLICK HERE TO MEET THEM TONIGHT!,spam
YOU HAVE BEEN SELECTED FOR A SPECIAL CITI REWARD. CLAIM YOUR $50000 TODAY.,spam
The monthly newsletter is ready. Read about updates to gift card and more.,ham
Just a heads up that I'll be out of office from Tuesday to Tuesday.,ham
The Website Redesign is on track. We completed 322% of the milestones this week.,ham
Meet Emma who makes $25000/day trading crypto. Learn his secret!,spam
The team lunch is on Monday at 2:00 PM. Hope to see everyone there!,ham
"Dear winner, your email has won the Mega Millions lottery. Send details to claim.",spam
I've shared the Q4 Review presentation with you on Google Drive.,ham
I've shared the Marketing Campaign presentation with you on Google Drive.,ham
Your PayPal account is limited. Confirm your identity at claim-prize.co immediately.,spam
FINAL NOTICE: You owe $5000. Pay now to avoid legal action.,spam
You have been selected for a special Chase reward. Claim your $1000 today.,spam
The Q4 Review is on track. We completed 433% of the milestones this week.,ham
CONGRATULATIONS! YOU'VE WON A $5000 PRIZE. CLICK HERE TO CLAIM NOW!,spam
YOUR PAYPAL ACCOUNT IS LIMITED. CONFIRM YOUR IDENTITY AT CLAIM-PRIZE.CO IMMEDIATELY.,spam
The quarterly results are in. Please check the attached proposal for details.,ham
Could you please review the contract before our Tuesday meeting?,ham
Exclusive deal for you: iPhone at $5000. Order before midnight!,spam
LOSE 16 LBS IN 7 DAYS! MIRACLE PILL DOCTORS DON'T WANT YOU TO KNOW.,spam
The Marketing Campaign is on track. We completed 495% of the milestones this week.,ham
FINAL NOTICE: YOU OWE $1000. PAY NOW TO AVOID LEGAL ACTION.,spam
Work from home and earn $1000/week. No skills needed. Start today!,spam
INCREASE YOUR INCOME BY $10000 MONTHLY WITH OUR PROVEN SYSTEM.,spam
The quarterly results are in. Please check the attached spreadsheet for details.,ham
Your appointment is confirmed for Monday at 2:00 PM with Dr. Sarah.,ham
FREE offer! Get gift card absolutely free. Limited time offer. Act now!,spam
Your computer has 3405 viruses! Download our free scanner immediately.,spam
Congratulations! You've won a $25000 prize. Click here to claim now!,spam
"Happy birthday, Emma! Hope you have a wonderful day.",ham
URGENT: Your account will be suspended. Verify immediately at verify-now.net,spam
FREE offer! Get vacation package absolutely free. Limited time offer. Act now!,spam
"Hi, I'm reaching out regarding the Software Engineer position at our company.",ham
Your package has been shipped. Expected delivery: Monday. Track at secure-login.xyz,ham
Please find attached the report for Q4 Review. Let me know your thoughts.,ham
Meeting notes from Wednesday: Marketing Campaign discussed. Next steps assigned to Emma.,ham
YOU HAVE BEEN SELECTED FOR A SPECIAL CHASE REWARD. CLAIM YOUR $1000 TODAY.,spam
YOU HAVE BEEN SELECTED FOR A SPECIAL CHASE REWARD. CLAIM YOUR $5000 TODAY.,spam
The Website Redesign is on track. We completed 384% of the milestones this week.,ham
You have been selected for a special Citi reward. Claim your $25000 today.,spam
FREE IPHONE 14! YOU ARE THE 8345TH VISITOR. CLAIM YOUR PRIZE NOW.,spam
"Hi, I'm reaching out regarding the Data Analyst position at our company.",ham
Can you send me the latest version of the report? Thanks.,ham
The quarterly results are in. Please check the attached presentation for details.,ham
FINAL NOTICE: You owe $10000. Pay now to avoid legal action.,spam
Buy gift card at 90% discount! Today only. Order now for free shipping!,spam
Your computer has 5338 viruses! Download our free scanner immediately.,spam
Your PayPal account is limited. Confirm your identity at secure-login.xyz immediately.,spam
CONGRATULATIONS! YOU'VE WON A $500 PRIZE. CLICK HERE TO CLAIM NOW!,spam
Your PayPal account is limited. Confirm your identity at secure-login.xyz immediately.,spam
Meeting notes from Monday: Budget Analysis discussed. Next steps assigned to Lisa.,ham
I've shared the Marketing Campaign presentation with you on Google Drive.,ham
ALERT: Unusual login detected. Click verify-now.net to secure your account NOW.,spam
Please find attached the report for Q4 Review. Let me know your thoughts.,ham
The Q4 Review is on track. We completed 39% of the milestones this week.,ham
The team lunch is on Thursday at 4:00 PM. Hope to see everyone there!,ham
"Hi Emma, can we reschedule our call to Thursday at 9:00 AM?",ham
Your appointment is confirmed for Monday at 3:30 PM with Dr. Michael.,ham
Just a heads up that I'll be out of office from Thursday to Thursday.,ham
Can you send me the latest version of the proposal? Thanks.,ham
HOT SINGLES IN YOUR AREA ARE WAITING. CLICK HERE TO MEET THEM TONIGHT!,spam
Your package has been shipped. Expected delivery: Friday. Track at claim-prize.co,ham
YOUR PAYPAL ACCOUNT IS LIMITED. CONFIRM YOUR IDENTITY AT SECURE-LOGIN.XYZ IMMEDIATELY.,spam
Thanks for your email. I'll review the presentation and get back to you by Monday.,ham
Investment opportunity: 210% returns guaranteed. Join 5000 investors.,spam
Your appointment is confirmed for Thursday at 2:00 PM with Dr. John.,ham
LOSE 17 LBS IN 21 DAYS! MIRACLE PILL DOCTORS DON'T WANT YOU TO KNOW.,spam
"Hi Sarah, your order #8355 has been processed successfully.",ham
I've shared the Budget Analysis presentation with you on Google Drive.,ham
"Happy birthday, Lisa! Hope you have a wonderful day.",ham
"Happy birthday, David! Hope you have a wonderful day.",ham
"Hi Emma, just wanted to follow up on our meeting scheduled for Wednesday.",ham
URGENT: Your account will be suspended. Verify immediately at claim-prize.co,spam
Your appointment is confirmed for Wednesday at 4:00 PM with Dr. John.,ham
Reminder: Your subscription renews on Wednesday. No action needed if you wish to continue.,ham
Meeting notes from Monday: Budget Analysis discussed. Next steps assigned to John.,ham
Meeting notes from Friday: Q4 Review discussed. Next steps assigned to Lisa.,ham
Investment opportunity: 117% returns guaranteed. Join 500 investors.,spam
YOU HAVE BEEN SELECTED FOR A SPECIAL WELLS FARGO REWARD. CLAIM YOUR $25000 TODAY.,spam
Reminder: Your subscription renews on Thursday. No action needed if you wish to continue.,ham
Buy laptop at 90% discount! Today only. Order now for free shipping!,spam
FREE offer! Get iPhone absolutely free. Limited time offer. Act now!,spam
Congratulations! You qualify for a $5000 government grant. Apply now.,spam
"Happy birthday, John! Hope you have a wonderful day.",ham
You have been selected for a special Citi reward. Claim your $25000 today.,spam
FREE offer! Get vacation package absolutely free. Limited time offer. Act now!,spam
I've shared the Website Redesign presentation with you on Google Drive.,ham
The monthly newsletter is ready. Read about updates to laptop and more.,ham
Your appointment is confirmed for Monday at 2:00 PM with Dr. Lisa.,ham
Please find attached the report for Marketing Campaign. Let me know your thoughts.,ham
The monthly newsletter is ready. Read about updates to iPhone and more.,ham
Quick reminder: the Q4 Review deadline is next Thursday. Please submit your work.,ham
ALERT: UNUSUAL LOGIN DETECTED. CLICK VERIFY-NOW.NET TO SECURE YOUR ACCOUNT NOW.,spam
HOT SINGLES IN YOUR AREA ARE WAITING. CLICK HERE TO MEET THEM TONIGHT!,spam
Your appointment is confirmed for Monday at 9:00 AM with Dr. Emma.,ham
Make $5000 from home every day! No experience needed. 100% guaranteed.,spam
Can you send me the latest version of the spreadsheet? Thanks.,ham
Congratulations! You qualify for a $500 government grant. Apply now.,spam
Reminder: Your subscription renews on Monday. No action needed if you wish to continue.,ham
FREE offer! Get vacation package absolutely free. Limited time offer. Act now!,spam
MAKE $1000 FROM HOME EVERY DAY! NO EXPERIENCE NEEDED. 100% GUARANTEED.,spam
INVESTMENT OPPORTUNITY: 302% RETURNS GUARANTEED. JOIN 25000 INVESTORS.,spam
YOU HAVE BEEN SELECTED FOR A SPECIAL CITI REWARD. CLAIM YOUR $50000 TODAY.,spam
"DEAR WINNER, YOUR EMAIL HAS WON THE MEGA MILLIONS LOTTERY. SEND DETAILS TO CLAIM.",spam
The quarterly results are in. Please check the attached contract for details.,ham
Lose 49 lbs in 21 days! Miracle pill doctors don't want you to know.,spam
Just a heads up that I'll be out of office from Friday to Friday.,ham
Make $10000 from home every day! No experience needed. 100% guaranteed.,spam
I've shared the Website Redesign presentation with you on Google Drive.,ham
BUY VACATION PACKAGE AT 90% DISCOUNT! TODAY ONLY. ORDER NOW FOR FREE SHIPPING!,spam
Can you send me the latest version of the contract? Thanks.,ham
You have been selected for a special Chase reward. Claim your $10000 today.,spam
Thanks for your email. I'll review the contract and get back to you by Thursday.,ham
Just a heads up that I'll be out of office from Tuesday to Tuesday.,ham
The monthly newsletter is ready. Read about updates to iPhone and more.,ham
Buy car at 90% discount! Today only. Order now for free shipping!,spam
Meeting notes from Tuesday: Marketing Campaign discussed. Next steps assigned to David.,ham
ALERT: Unusual login detected. Click verify-now.net to secure your account NOW.,spam
Thanks for your email. I'll review the report and get back to you by Friday.,ham
FREE OFFER! GET GIFT CARD ABSOLUTELY FREE. LIMITED TIME OFFER. ACT NOW!,spam
Exclusive deal for you: car at $5000. Order before midnight!,spam
You have been selected for a special Chase reward. Claim your $50000 today.,spam
Your PayPal account is limited. Confirm your identity at claim-prize.co immediately.,spam
Hot singles in your area are waiting. Click here to meet them tonight!,spam
INCREASE YOUR INCOME BY $50000 MONTHLY WITH OUR PROVEN SYSTEM.,spam
FREE iPhone 15 Pro! You are the 9898th visitor. Claim your prize now.,spam
You have been selected for a special Bank of America reward. Claim your $50000 today.,spam
Congratulations! You qualify for a $1000 government grant. Apply now.,spam
Your appointment is confirmed for Thursday at 4:00 PM with Dr. Michael.,ham
FREE IPHONE 16! YOU ARE THE 4442TH VISITOR. CLAIM YOUR PRIZE NOW.,spam
You have been selected for a special Wells Fargo reward. Claim your $500 today.,spam
ALERT: UNUSUAL LOGIN DETECTED. CLICK VERIFY-NOW.NET TO SECURE YOUR ACCOUNT NOW.,spam
Make $50000 from home every day! No experience needed. 100% guaranteed.,spam
The quarterly results are in. Please check the attached proposal for details.,ham
Your package has been shipped. Expected delivery: Monday. Track at verify-now.net,ham
Reminder: Your subscription renews on Thursday. No action needed if you wish to continue.,ham
Lose 15 lbs in 7 days! Miracle pill doctors don't want you to know.,spam
Please find attached the report for Q4 Review. Let me know your thoughts.,ham
Your appointment is confirmed for Monday at 3:30 PM with Dr. David.,ham
Thanks for your email. I'll review the spreadsheet and get back to you by Wednesday.,ham
URGENT: YOUR ACCOUNT WILL BE SUSPENDED. VERIFY IMMEDIATELY AT CLAIM-PRIZE.CO,spam
The monthly newsletter is ready. Read about updates to vacation package and more.,ham
"Hi Michael, your order #3990 has been processed successfully.",ham
WORK FROM HOME AND EARN $10000/WEEK. NO SKILLS NEEDED. START TODAY!,spam
Congratulations! You've won a $5000 prize. Click here to claim now!,spam
"DEAR WINNER, YOUR EMAIL HAS WON THE POWERBALL LOTTERY. SEND DETAILS TO CLAIM.",spam
Thanks for your email. I'll review the proposal and get back to you by Monday.,ham
"DEAR WINNER, YOUR EMAIL HAS WON THE MEGA MILLIONS LOTTERY. SEND DETAILS TO CLAIM.",spam
Meeting notes from Thursday: Budget Analysis discussed. Next steps assigned to David.,ham
ALERT: Unusual login detected. Click secure-login.xyz to secure your account NOW.,spam
Please find attached the report for Website Redesign. Let me know your thoughts.,ham
"Hi Lisa, just wanted to follow up on our meeting scheduled for Friday.",ham
FINAL NOTICE: You owe $10000. Pay now to avoid legal action.,spam
Thanks for your email. I'll review the spreadsheet and get back to you by Thursday.,ham
The Q4 Review is on track. We completed 499% of the milestones this week.,ham
The quarterly results are in. Please check the attached spreadsheet for details.,ham
Hot singles in your area are waiting. Click here to meet them tonight!,spam
"Hi Michael, just wanted to follow up on our meeting scheduled for Friday.",ham
CONGRATULATIONS! YOU'VE WON A $5000 PRIZE. CLICK HERE TO CLAIM NOW!,spam
Quick reminder: the Q4 Review deadline is next Monday. Please submit your work.,ham
Could you please review the contract before our Wednesday meeting?,ham
FREE iPhone 16! You are the 3978th visitor. Claim your prize now.,spam
"Hi John, your order #2168 has been processed successfully.",ham
YOUR COMPUTER HAS 2776 VIRUSES! DOWNLOAD OUR FREE SCANNER IMMEDIATELY.,spam
Hot singles in your area are waiting. Click here to meet them tonight!,spam
Meeting notes from Thursday: Q4 Review discussed. Next steps assigned to John.,ham
Congratulations! You qualify for a $10000 government grant. Apply now.,spam
FREE offer! Get vacation package absolutely free. Limited time offer. Act now!,spam
Your package has been shipped. Expected delivery: Thursday. Track at secure-login.xyz,ham
FREE OFFER! GET VACATION PACKAGE ABSOLUTELY FREE. LIMITED TIME OFFER. ACT NOW!,spam
Your PayPal account is limited. Confirm your identity at claim-prize.co immediately.,spam
Your appointment is confirmed for Tuesday at 10:30 AM with Dr. John.,ham
WORK FROM HOME AND EARN $500/WEEK. NO SKILLS NEEDED. START TODAY!,spam
"Hi John, just wanted to follow up on our meeting scheduled for Monday.",ham
Meet Michael who makes $1000/day trading crypto. Learn his secret!,spam
URGENT: YOUR ACCOUNT WILL BE SUSPENDED. VERIFY IMMEDIATELY AT VERIFY-NOW.NET,spam
Congratulations! You qualify for a $25000 government grant. Apply now.,spam
Exclusive deal for you: laptop at $50000. Order before midnight!,spam
Could you please review the report before our Thursday meeting?,ham
Meeting notes from Monday: Q4 Review discussed. Next steps assigned to Michael.,ham
Your PayPal account is limited. Confirm your identity at verify-now.net immediately.,spam
Your PayPal account is limited. Confirm your identity at claim-prize.co immediately.,spam
I've shared the Budget Analysis presentation with you on Google Drive.,ham
Increase your income by $10000 monthly with our proven system.,spam
FINAL NOTICE: You owe $25000. Pay now to avoid legal action.,spam
Meeting notes from Monday: Budget Analysis discussed. Next steps assigned to Michael.,ham
Hot singles in your area are waiting. Click here to meet them tonight!,spam
The monthly newsletter is ready. Read about updates to laptop and more.,ham
URGENT: Your account will be suspended. Verify immediately at claim-prize.co,spam
Work from home and earn $10000/week. No skills needed. Start today!,spam
You have been selected for a special Chase reward. Claim your $50000 today.,spam
INVESTMENT OPPORTUNITY: 409% RETURNS GUARANTEED. JOIN 5000 INVESTORS.,spam
Please find attached the report for Budget Analysis. Let me know your thoughts.,ham
The team lunch is on Friday at 9:00 AM. Hope to see everyone there!,ham
Lose 16 lbs in 21 days! Miracle pill doctors don't want you to know.,spam
CONGRATULATIONS! YOU QUALIFY FOR A $10000 GOVERNMENT GRANT. APPLY NOW.,spam
Thanks for your email. I'll review the spreadsheet and get back to you by Tuesday.,ham
I've shared the Website Redesign presentation with you on Google Drive.,ham
Thanks for your email. I'll review the contract and get back to you by Monday.,ham
ALERT: UNUSUAL LOGIN DETECTED. CLICK SECURE-LOGIN.XYZ TO SECURE YOUR ACCOUNT NOW.,spam
CONGRATULATIONS! YOU QUALIFY FOR A $10000 GOVERNMENT GRANT. APPLY NOW.,spam
Lose 19 lbs in 21 days! Miracle pill doctors don't want you to know.,spam
URGENT: Your account will be suspended. Verify immediately at secure-login.xyz,spam
FREE offer! Get gift card absolutely free. Limited time offer. Act now!,spam
Congratulations! You've won a $10000 prize. Click here to claim now!,spam
MAKE $10000 FROM HOME EVERY DAY! NO EXPERIENCE NEEDED. 100% GUARANTEED.,spam
Increase your income by $10000 monthly with our proven system.,spam
URGENT: Your account will be suspended. Verify immediately at claim-prize.co,spam
Reminder: Your subscription renews on Thursday. No action needed if you wish to continue.,ham
Investment opportunity: 274% returns guaranteed. Join 10000 investors.,spam
Hot singles in your area are waiting. Click here to meet them tonight!,spam
The monthly newsletter is ready. Read about updates to car and more.,ham
Could you please review the report before our Friday meeting?,ham
Your appointment is confirmed for Tuesday at 9:00 AM with Dr. Lisa.,ham
Please find attached the report for Budget Analysis. Let me know your thoughts.,ham
The quarterly results are in. Please check the attached contract for details.,ham
Just a heads up that I'll be out of office from Tuesday to Tuesday.,ham
The team lunch is on Tuesday at 2:00 PM. Hope to see everyone there!,ham
Quick reminder: the Website Redesign deadline is next Tuesday. Please submit your work.,ham
YOU HAVE BEEN SELECTED FOR A SPECIAL CITI REWARD. CLAIM YOUR $10000 TODAY.,spam
"Hi John, can we reschedule our call to Thursday at 9:00 AM?",ham
"Hi John, just wanted to follow up on our meeting scheduled for Thursday.",ham
Buy vacation package at 90% discount! Today only. Order now for free shipping!,spam
"Hi Emma, just wanted to follow up on our meeting scheduled for Friday.",ham
The team lunch is on Tuesday at 10:30 AM. Hope to see everyone there!,ham
ALERT: Unusual login detected. Click claim-prize.co to secure your account NOW.,spam
Your PayPal account is limited. Confirm your identity at claim-prize.co immediately.,spam
Just a heads up that I'll be out of office from Thursday to Thursday.,ham
Thanks for your email. I'll review the proposal and get back to you by Friday.,ham
Hot singles in your area are waiting. Click here to meet them tonight!,spam
Congratulations! You qualify for a $5000 government grant. Apply now.,spam
Increase your income by $10000 monthly with our proven system.,spam
Hot singles in your area are waiting. Click here to meet them tonight!,spam
Hot singles in your area are waiting. Click here to meet them tonight!,spam
Could you please review the report before our Friday meeting?,ham
Congratulations! You've won a $50000 prize. Click here to claim now!,spam
"Hi Emma, can we reschedule our call to Thursday at 10:30 AM?",ham
LOSE 12 LBS IN 30 DAYS! MIRACLE PILL DOCTORS DON'T WANT YOU TO KNOW.,spam
Your package has been shipped. Expected delivery: Monday. Track at claim-prize.co,ham
Thanks for your email. I'll review the report and get back to you by Tuesday.,ham
I've shared the Marketing Campaign presentation with you on Google Drive.,ham
"Hi Michael, can we reschedule our call to Thursday at 3:30 PM?",ham
"Hi David, just wanted to follow up on our meeting scheduled for Wednesday.",ham
FINAL NOTICE: You owe $10000. Pay now to avoid legal action.,spam
Your appointment is confirmed for Wednesday at 4:00 PM with Dr. Emma.,ham
CONGRATULATIONS! YOU QUALIFY FOR A $25000 GOVERNMENT GRANT. APPLY NOW.,spam
Meet Michael who makes $10000/day trading crypto. Learn his secret!,spam
YOUR COMPUTER HAS 6216 VIRUSES! DOWNLOAD OUR FREE SCANNER IMMEDIATELY.,spam
FINAL NOTICE: You owe $1000. Pay now to avoid legal action.,spam
Exclusive deal for you: vacation package at $500. Order before midnight!,spam
Can you send me the latest version of the contract? Thanks.,ham
"Dear winner, your email has won the PowerBall lottery. Send details to claim.",spam
Congratulations! You've won a $1000 prize. Click here to claim now!,spam
FREE iPhone 15 Pro! You are the 1966th visitor. Claim your prize now.,spam
FINAL NOTICE: You owe $5000. Pay now to avoid legal action.,spam
Investment opportunity: 294% returns guaranteed. Join 25000 investors.,spam
FREE iPhone 13 Max! You are the 2212th visitor. Claim your prize now.,spam
Reminder: Your subscription renews on Tuesday. No action needed if you wish to continue.,ham
Lose 34 lbs in 21 days! Miracle pill doctors don't want you to know.,spam
Increase your income by $500 monthly with our proven system.,spam
The quarterly results are in. Please check the attached report for details.,ham
Congratulations! You qualify for a $10000 government grant. Apply now.,spam
YOUR PAYPAL ACCOUNT IS LIMITED. CONFIRM YOUR IDENTITY AT CLAIM-PRIZE.CO IMMEDIATELY.,spam
FINAL NOTICE: You owe $50000. Pay now to avoid legal action.,spam
Your PayPal account is limited. Confirm your identity at secure-login.xyz immediately.,spam
INCREASE YOUR INCOME BY $5000 MONTHLY WITH OUR PROVEN SYSTEM.,spam
"Hi Emma, just wanted to follow up on our meeting scheduled for Thursday.",ham
"Hi John, can we reschedule our call to Monday at 3:30 PM?",ham
I've shared the Marketing Campaign presentation with you on Google Drive.,ham
Quick reminder: the Q4 Review deadline is next Thursday. Please submit your work.,ham
"Hi John, can we reschedule our call to Tuesday at 10:30 AM?",ham
Lose 20 lbs in 21 days! Miracle pill doctors don't want you to know.,spam
Hot singles in your area are waiting. Click here to meet them tonight!,spam
"Happy birthday, John! Hope you have a wonderful day.",ham
"Hi John, can we reschedule our call to Friday at 10:30 AM?",ham
Congratulations! You've won a $1000 prize. Click here to claim now!,spam
Exclusive deal for you: car at $50000. Order before midnight!,spam
WORK FROM HOME AND EARN $1000/WEEK. NO SKILLS NEEDED. START TODAY!,spam
FREE offer! Get laptop absolutely free. Limited time offer. Act now!,spam
FREE IPHONE 16! YOU ARE THE 6030TH VISITOR. CLAIM YOUR PRIZE NOW.,spam
YOUR COMPUTER HAS 7039 VIRUSES! DOWNLOAD OUR FREE SCANNER IMMEDIATELY.,spam
The team lunch is on Friday at 4:00 PM. Hope to see everyone there!,ham
URGENT: Your account will be suspended. Verify immediately at secure-login.xyz,spam
The quarterly results are in. Please check the attached contract for details.,ham
Just a heads up that I'll be out of office from Thursday to Thursday.,ham
Reminder: Your subscription renews on Tuesday. No action needed if you wish to continue.,ham
Congratulations! You qualify for a $500 government grant. Apply now.,spam
URGENT: Your account will be suspended. Verify immediately at verify-now.net,spam
The quarterly results are in. Please check the attached spreadsheet for details.,ham
EXCLUSIVE DEAL FOR YOU: CAR AT $5000. ORDER BEFORE MIDNIGHT!,spam
Lose 11 lbs in 30 days! Miracle pill doctors don't want you to know.,spam
Could you please review the contract before our Thursday meeting?,ham
MEET EMMA WHO MAKES $50000/DAY TRADING CRYPTO. LEARN HIS SECRET!,spam
INCREASE YOUR INCOME BY $5000 MONTHLY WITH OUR PROVEN SYSTEM.,spam
Investment opportunity: 416% returns guaranteed. Join 500 investors.,spam
Reminder: Your subscription renews on Monday. No action needed if you wish to continue.,ham
Exclusive deal for you: laptop at $1000. Order before midnight!,spam
Lose 32 lbs in 14 days! Miracle pill doctors don't want you to know.,spam
Please find attached the report for Marketing Campaign. Let me know your thoughts.,ham
Hot singles in your area are waiting. Click here to meet them tonight!,spam
Meeting notes from Monday: Budget Analysis discussed. Next steps assigned to Michael.,ham
Exclusive deal for you: laptop at $1000. Order before midnight!,spam
Work from home and earn $500/week. No skills needed. Start today!,spam
Reminder: Your subscription renews on Tuesday. No action needed if you wish to continue.,ham
INVESTMENT OPPORTUNITY: 210% RETURNS GUARANTEED. JOIN 1000 INVESTORS.,spam
Quick reminder: the Website Redesign deadline is next Monday. Please submit your work.,ham
Exclusive deal for you: car at $25000. Order before midnight!,spam
"Hi Lisa, just wanted to follow up on our meeting scheduled for Thursday.",ham
Your PayPal account is limited. Confirm your identity at claim-prize.co immediately.,spam
Your PayPal account is limited. Confirm your identity at claim-prize.co immediately.,spam
"Happy birthday, Lisa! Hope you have a wonderful day.",ham
Your PayPal account is limited. Confirm your identity at claim-prize.co immediately.,spam
You have been selected for a special Citi reward. Claim your $50000 today.,spam
The team lunch is on Thursday at 3:30 PM. Hope to see everyone there!,ham
The monthly newsletter is ready. Read about updates to gift card and more.,ham
URGENT: Your account will be suspended. Verify immediately at secure-login.xyz,spam
Just a heads up that I'll be out of office from Monday to Monday.,ham
YOUR PAYPAL ACCOUNT IS LIMITED. CONFIRM YOUR IDENTITY AT VERIFY-NOW.NET IMMEDIATELY.,spam
EXCLUSIVE DEAL FOR YOU: IPHONE AT $25000. ORDER BEFORE MIDNIGHT!,spam
"Hi David, just wanted to follow up on our meeting scheduled for Wednesday.",ham
Investment opportunity: 263% returns guaranteed. Join 500 investors.,spam
WORK FROM HOME AND EARN $1000/WEEK. NO SKILLS NEEDED. START TODAY!,spam
"Hi, I'm reaching out regarding the Software Engineer position at our company.",ham
Just a heads up that I'll be out of office from Thursday to Thursday.,ham
ALERT: Unusual login detected. Click claim-prize.co to secure your account NOW.,spam
Your appointment is confirmed for Wednesday at 3:30 PM with Dr. David.,ham
The quarterly results are in. Please check the attached spreadsheet for details.,ham
The quarterly results are in. Please check the attached contract for details.,ham
Just a heads up that I'll be out of office from Wednesday to Wednesday.,ham
Increase your income by $1000 monthly with our proven system.,spam
"Happy birthday, David! Hope you have a wonderful day.",ham
The team lunch is on Tuesday at 3:30 PM. Hope to see everyone there!,ham
Could you please review the contract before our Tuesday meeting?,ham
Thanks for your email. I'll review the report and get back to you by Thursday.,ham
Increase your income by $10000 monthly with our proven system.,spam
Meet John who makes $500/day trading crypto. Learn his secret!,spam
"Hi Sarah, just wanted to follow up on our meeting scheduled for Wednesday.",ham
"DEAR WINNER, YOUR EMAIL HAS WON THE MEGA MILLIONS LOTTERY. SEND DETAILS TO CLAIM.",spam
"Happy birthday, David! Hope you have a wonderful day.",ham
FREE IPHONE 15 PRO! YOU ARE THE 4770TH VISITOR. CLAIM YOUR PRIZE NOW.,spam
Congratulations! You qualify for a $10000 government grant. Apply now.,spam
Exclusive deal for you: car at $500. Order before midnight!,spam
YOUR COMPUTER HAS 6660 VIRUSES! DOWNLOAD OUR FREE SCANNER IMMEDIATELY.,spam
The quarterly results are in. Please check the attached spreadsheet for details.,ham
INVESTMENT OPPORTUNITY: 96% RETURNS GUARANTEED. JOIN 1000 INVESTORS.,spam
Congratulations! You qualify for a $50000 government grant. Apply now.,spam
Your appointment is confirmed for Thursday at 3:30 PM with Dr. Emma.,ham
CONGRATULATIONS! YOU QUALIFY FOR A $500 GOVERNMENT GRANT. APPLY NOW.,spam
Just a heads up that I'll be out of office from Monday to Monday.,ham
Buy laptop at 90% discount! Today only. Order now for free shipping!,spam
Meeting notes from Wednesday: Q4 Review discussed. Next steps assigned to Lisa.,ham
Congratulations! You've won a $25000 prize. Click here to claim now!,spam
Meeting notes from Friday: Website Redesign discussed. Next steps assigned to John.,ham
You have been selected for a special Citi reward. Claim your $10000 today.,spam
Congratulations! You've won a $5000 prize. Click here to claim now!,spam
Make $500 from home every day! No experience needed. 100% guaranteed.,spam
MAKE $50000 FROM HOME EVERY DAY! NO EXPERIENCE NEEDED. 100% GUARANTEED.,spam
Thanks for your email. I'll review the proposal and get back to you by Tuesday.,ham
EXCLUSIVE DEAL FOR YOU: CAR AT $10000. ORDER BEFORE MIDNIGHT!,spam
The quarterly results are in. Please check the attached presentation for details.,ham
"Hi, I'm reaching out regarding the Designer position at our company.",ham
Make $25000 from home every day! No experience needed. 100% guaranteed.,spam
Work from home and earn $10000/week. No skills needed. Start today!,spam
HOT SINGLES IN YOUR AREA ARE WAITING. CLICK HERE TO MEET THEM TONIGHT!,spam
Meeting notes from Tuesday: Marketing Campaign discussed. Next steps assigned to Sarah.,ham
Investment opportunity: 250% returns guaranteed. Join 1000 investors.,spam
"Dear winner, your email has won the Mega Millions lottery. Send details to claim.",spam
Please find attached the report for Marketing Campaign. Let me know your thoughts.,ham
Exclusive deal for you: iPhone at $10000. Order before midnight!,spam
Quick reminder: the Website Redesign deadline is next Tuesday. Please submit your work.,ham
"Hi Sarah, your order #8483 has been processed successfully.",ham
Congratulations! You've won a $25000 prize. Click here to claim now!,spam
Investment opportunity: 392% returns guaranteed. Join 25000 investors.,spam
WORK FROM HOME AND EARN $25000/WEEK. NO SKILLS NEEDED. START TODAY!,spam
FREE offer! Get vacation package absolutely free. Limited time offer. Act now!,spam
Can you send me the latest version of the spreadsheet? Thanks.,ham
Congratulations! You qualify for a $50000 government grant. Apply now.,spam
Please find attached the report for Q4 Review. Let me know your thoughts.,ham
Investment opportunity: 259% returns guaranteed. Join 1000 investors.,spam
Reminder: Your subscription renews on Friday. No action needed if you wish to continue.,ham
The team lunch is on Monday at 9:00 AM. Hope to see everyone there!,ham
URGENT: YOUR ACCOUNT WILL BE SUSPENDED. VERIFY IMMEDIATELY AT SECURE-LOGIN.XYZ,spam
Your computer has 821 viruses! Download our free scanner immediately.,spam
Quick reminder: the Budget Analysis deadline is next Thursday. Please submit your work.,ham
YOU HAVE BEEN SELECTED FOR A SPECIAL BANK OF AMERICA REWARD. CLAIM YOUR $1000 TODAY.,spam
Meet John who makes $500/day trading crypto. Learn his secret!,spam
Exclusive deal for you: vacation package at $10000. Order before midnight!,spam
Investment opportunity: 448% returns guaranteed. Join 25000 investors.,spam
"Happy birthday, David! Hope you have a wonderful day.",ham
Hot singles in your area are waiting. Click here to meet them tonight!,spam
The team lunch is on Thursday at 9:00 AM. Hope to see everyone there!,ham
MEET SARAH WHO MAKES $25000/DAY TRADING CRYPTO. LEARN HIS SECRET!,spam
FINAL NOTICE: You owe $50000. Pay now to avoid legal action.,spam
Quick reminder: the Q4 Review deadline is next Wednesday. Please submit your work.,ham
"Hi, I'm reaching out regarding the Software Engineer position at our company.",ham
WORK FROM HOME AND EARN $5000/WEEK. NO SKILLS NEEDED. START TODAY!,spam
Work from home and earn $5000/week. No skills needed. Start today!,spam
Could you please review the presentation before our Friday meeting?,ham
CONGRATULATIONS! YOU'VE WON A $5000 PRIZE. CLICK HERE TO CLAIM NOW!,spam
Exclusive deal for you: vacation package at $1000. Order before midnight!,spam
Lose 23 lbs in 30 days! Miracle pill doctors don't want you to know.,spam
"Hi Sarah, can we reschedule our call to Wednesday at 2:00 PM?",ham
FREE offer! Get car absolutely free. Limited time offer. Act now!,spam
Your package has been shipped. Expected delivery: Wednesday. Track at claim-prize.co,ham
"Happy birthday, Emma! Hope you have a wonderful day.",ham
The quarterly results are in. Please check the attached presentation for details.,ham
Buy car at 90% discount! Today only. Order now for free shipping!,spam
ALERT: Unusual login detected. Click verify-now.net to secure your account NOW.,spam
Your PayPal account is limited. Confirm your identity at claim-prize.co immediately.,spam
"Hi John, can we reschedule our call to Monday at 9:00 AM?",ham
Hot singles in your area are waiting. Click here to meet them tonight!,spam
Could you please review the proposal before our Thursday meeting?,ham
Thanks for your email. I'll review the spreadsheet and get back to you by Thursday.,ham
Can you send me the latest version of the contract? Thanks.,ham
YOUR COMPUTER HAS 6520 VIRUSES! DOWNLOAD OUR FREE SCANNER IMMEDIATELY.,spam
Meet David who makes $1000/day trading crypto. Learn his secret!,spam
Investment opportunity: 150% returns guaranteed. Join 50000 investors.,spam
"Hi, I'm reaching out regarding the Software Engineer position at our company.",ham
Please find attached the report for Marketing Campaign. Let me know your thoughts.,ham
Reminder: Your subscription renews on Thursday. No action needed if you wish to continue.,ham
"Hi, I'm reaching out regarding the Data Analyst position at our company.",ham
FREE OFFER! GET LAPTOP ABSOLUTELY FREE. LIMITED TIME OFFER. ACT NOW!,spam
Please find attached the report for Budget Analysis. Let me know your thoughts.,ham
Could you please review the spreadsheet before our Tuesday meeting?,ham
EXCLUSIVE DEAL FOR YOU: IPHONE AT $50000. ORDER BEFORE MIDNIGHT!,spam
YOUR COMPUTER HAS 8068 VIRUSES! DOWNLOAD OUR FREE SCANNER IMMEDIATELY.,spam
Meet David who makes $500/day trading crypto. Learn his secret!,spam
Your appointment is confirmed for Monday at 10:30 AM with Dr. John.,ham
"Hi David, can we reschedule our call to Wednesday at 9:00 AM?",ham
Increase your income by $5000 monthly with our proven system.,spam
Exclusive deal for you: car at $10000. Order before midnight!,spam
"Happy birthday, John! Hope you have a wonderful day.",ham
URGENT: Your account will be suspended. Verify immediately at claim-prize.co,spam
Your computer has 9164 viruses! Download our free scanner immediately.,spam
The Budget Analysis is on track. We completed 330% of the milestones this week.,ham
The team lunch is on Thursday at 9:00 AM. Hope to see everyone there!,ham
You have been selected for a special Citi reward. Claim your $50000 today.,spam
You have been selected for a special Chase reward. Claim your $50000 today.,spam
Exclusive deal for you: car at $500. Order before midnight!,spam
The quarterly results are in. Please check the attached contract for details.,ham
Lose 21 lbs in 30 days! Miracle pill doctors don't want you to know.,spam
Meeting notes from Monday: Q4 Review discussed. Next steps assigned to David.,ham
Your computer has 7820 viruses! Download our free scanner immediately.,spam
Your appointment is confirmed for Wednesday at 9:00 AM with Dr. Lisa.,ham
"Hi Emma, can we reschedule our call to Thursday at 3:30 PM?",ham
Please find attached the report for Q4 Review. Let me know your thoughts.,ham
The monthly newsletter is ready. Read about updates to gift card and more.,ham
Can you send me the latest version of the spreadsheet? Thanks.,ham
URGENT: YOUR ACCOUNT WILL BE SUSPENDED. VERIFY IMMEDIATELY AT SECURE-LOGIN.XYZ,spam
Please find attached the report for Marketing Campaign. Let me know your thoughts.,ham
Your package has been shipped. Expected delivery: Thursday. Track at secure-login.xyz,ham
"Dear winner, your email has won the Mega Millions lottery. Send details to claim.",spam
Work from home and earn $5000/week. No skills needed. Start today!,spam
The quarterly results are in. Please check the attached proposal for details.,ham
"Hi David, can we reschedule our call to Friday at 2:00 PM?",ham
"Happy birthday, Emma! Hope you have a wonderful day.",ham
MAKE $500 FROM HOME EVERY DAY! NO EXPERIENCE NEEDED. 100% GUARANTEED.,spam
Exclusive deal for you: gift card at $50000. Order before midnight!,spam
Exclusive deal for you: iPhone at $5000. Order before midnight!,spam
Just a heads up that I'll be out of office from Thursday to Thursday.,ham
Please find attached the report for Q4 Review. Let me know your thoughts.,ham
ALERT: Unusual login detected. Click verify-now.net to secure your account NOW.,spam
The Website Redesign is on track. We completed 289% of the milestones this week.,ham
Could you please review the contract before our Friday meeting?,ham
Hot singles in your area are waiting. Click here to meet them tonight!,spam
FREE offer! Get car absolutely free. Limited time offer. Act now!,spam
Your appointment is confirmed for Thursday at 2:00 PM with Dr. Sarah.,ham
Could you please review the report before our Monday meeting?,ham
Congratulations! You qualify for a $10000 government grant. Apply now.,spam
The monthly newsletter is ready. Read about updates to car and more.,ham
Buy laptop at 90% discount! Today only. Order now for free shipping!,spam
The quarterly results are in. Please check the attached report for details.,ham
"Happy birthday, Michael! Hope you have a wonderful day.",ham
Please find attached the report for Q4 Review. Let me know your thoughts.,ham
INCREASE YOUR INCOME BY $1000 MONTHLY WITH OUR PROVEN SYSTEM.,spam
Congratulations! You've won a $1000 prize. Click here to claim now!,spam
"Happy birthday, David! Hope you have a wonderful day.",ham
YOUR COMPUTER HAS 4181 VIRUSES! DOWNLOAD OUR FREE SCANNER IMMEDIATELY.,spam
Investment opportunity: 303% returns guaranteed. Join 1000 investors.,spam
Work from home and earn $1000/week. No skills needed. Start today!,spam
Make $10000 from home every day! No experience needed. 100% guaranteed.,spam
HOT SINGLES IN YOUR AREA ARE WAITING. CLICK HERE TO MEET THEM TONIGHT!,spam
MEET MICHAEL WHO MAKES $5000/DAY TRADING CRYPTO. LEARN HIS SECRET!,spam
Your package has been shipped. Expected delivery: Thursday. Track at verify-now.net,ham
ALERT: Unusual login detected. Click secure-login.xyz to secure your account NOW.,spam
Your appointment is confirmed for Monday at 10:30 AM with Dr. David.,ham
CONGRATULATIONS! YOU QUALIFY FOR A $500 GOVERNMENT GRANT. APPLY NOW.,spam
"Hi Sarah, can we reschedule our call to Thursday at 2:00 PM?",ham
Please find attached the report for Budget Analysis. Let me know your thoughts.,ham
I've shared the Q4 Review presentation with you on Google Drive.,ham
Thanks for your email. I'll review the contract and get back to you by Wednesday.,ham
Thanks for your email. I'll review the proposal and get back to you by Tuesday.,ham
"Hi John, can we reschedule our call to Thursday at 9:00 AM?",ham
The quarterly results are in. Please check the attached report for details.,ham
ALERT: Unusual login detected. Click claim-prize.co to secure your account NOW.,spam
CONGRATULATIONS! YOU'VE WON A $1000 PRIZE. CLICK HERE TO CLAIM NOW!,spam
Your computer has 6715 viruses! Download our free scanner immediately.,spam
Just a heads up that I'll be out of office from Friday to Friday.,ham
Your computer has 3030 viruses! Download our free scanner immediately.,spam
Your appointment is confirmed for Tuesday at 2:00 PM with Dr. Emma.,ham
I've shared the Q4 Review presentation with you on Google Drive.,ham
Reminder: Your subscription renews on Tuesday. No action needed if you wish to continue.,ham
FINAL NOTICE: YOU OWE $25000. PAY NOW TO AVOID LEGAL ACTION.,spam
Your computer has 3032 viruses! Download our free scanner immediately.,spam
Investment opportunity: 206% returns guaranteed. Join 25000 investors.,spam
EXCLUSIVE DEAL FOR YOU: LAPTOP AT $500. ORDER BEFORE MIDNIGHT!,spam
Work from home and earn $50000/week. No skills needed. Start today!,spam
ALERT: Unusual login detected. Click claim-prize.co to secure your account NOW.,spam
"Happy birthday, Emma! Hope you have a wonderful day.",ham
The team lunch is on Friday at 3:30 PM. Hope to see everyone there!,ham
"Hi, I'm reaching out regarding the Designer position at our company.",ham
Quick reminder: the Marketing Campaign deadline is next Wednesday. Please submit your work.,ham
Please find attached the report for Budget Analysis. Let me know your thoughts.,ham
Congratulations! You've won a $25000 prize. Click here to claim now!,spam
"DEAR WINNER, YOUR EMAIL HAS WON THE MEGA MILLIONS LOTTERY. SEND DETAILS TO CLAIM.",spam
Your appointment is confirmed for Wednesday at 10:30 AM with Dr. John.,ham
INVESTMENT OPPORTUNITY: 85% RETURNS GUARANTEED. JOIN 25000 INVESTORS.,spam
FINAL NOTICE: You owe $1000. Pay now to avoid legal action.,spam
"Hi Michael, can we reschedule our call to Thursday at 9:00 AM?",ham
Quick reminder: the Budget Analysis deadline is next Wednesday. Please submit your work.,ham
Increase your income by $25000 monthly with our proven system.,spam
"Hi David, can we reschedule our call to Monday at 3:30 PM?",ham
Make $50000 from home every day! No experience needed. 100% guaranteed.,spam
Can you send me the latest version of the contract? Thanks.,ham
Congratulations! You've won a $1000 prize. Click here to claim now!,spam
Your package has been shipped. Expected delivery: Monday. Track at claim-prize.co,ham
Your PayPal account is limited. Confirm your identity at secure-login.xyz immediately.,spam
ALERT: Unusual login detected. Click claim-prize.co to secure your account NOW.,spam
Thanks for your email. I'll review the contract and get back to you by Monday.,ham
Increase your income by $25000 monthly with our proven system.,spam
YOU HAVE BEEN SELECTED FOR A SPECIAL WELLS FARGO REWARD. CLAIM YOUR $25000 TODAY.,spam
Just a heads up that I'll be out of office from Monday to Monday.,ham
Meet Michael who makes $500/day trading crypto. Learn his secret!,spam
Hot singles in your area are waiting. Click here to meet them tonight!,spam
"Hi Sarah, just wanted to follow up on our meeting scheduled for Wednesday.",ham
URGENT: Your account will be suspended. Verify immediately at verify-now.net,spam
Your computer has 7550 viruses! Download our free scanner immediately.,spam
Buy gift card at 90% discount! Today only. Order now for free shipping!,spam
Work from home and earn $1000/week. No skills needed. Start today!,spam
"Hi John, just wanted to follow up on our meeting scheduled for Tuesday.",ham
Your computer has 4192 viruses! Download our free scanner immediately.,spam
Lose 45 lbs in 21 days! Miracle pill doctors don't want you to know.,spam
Quick reminder: the Q4 Review deadline is next Tuesday. Please submit your work.,ham
Your package has been shipped. Expected delivery: Wednesday. Track at secure-login.xyz,ham
The Budget Analysis is on track. We completed 195% of the milestones this week.,ham
Exclusive deal for you: laptop at $50000. Order before midnight!,spam
"Hi Sarah, can we reschedule our call to Monday at 2:00 PM?",ham
I've shared the Website Redesign presentation with you on Google Drive.,ham
"Hi, I'm reaching out regarding the Software Engineer position at our company.",ham
Can you send me the latest version of the report? Thanks.,ham
Buy car at 90% discount! Today only. Order now for free shipping!,spam
Meet Emma who makes $10000/day trading crypto. Learn his secret!,spam
Your PayPal account is limited. Confirm your identity at secure-login.xyz immediately.,spam
Thanks for your email. I'll review the presentation and get back to you by Thursday.,ham
"Hi Sarah, can we reschedule our call to Tuesday at 10:30 AM?",ham
FREE offer! Get gift card absolutely free. Limited time offer. Act now!,spam
Please find attached the report for Website Redesign. Let me know your thoughts.,ham
Just a heads up that I'll be out of office from Wednesday to Wednesday.,ham
Quick reminder: the Marketing Campaign deadline is next Tuesday. Please submit your work.,ham
The monthly newsletter is ready. Read about updates to gift card and more.,ham
The team lunch is on Tuesday at 10:30 AM. Hope to see everyone there!,ham
The Budget Analysis is on track. We completed 363% of the milestones this week.,ham
"Dear winner, your email has won the UK National lottery. Send details to claim.",spam
Quick reminder: the Marketing Campaign deadline is next Monday. Please submit your work.,ham
HOT SINGLES IN YOUR AREA ARE WAITING. CLICK HERE TO MEET THEM TONIGHT!,spam
FREE iPhone 16! You are the 186th visitor. Claim your prize now.,spam
The monthly newsletter is ready. Read about updates to laptop and more.,ham
Lose 17 lbs in 14 days! Miracle pill doctors don't want you to know.,spam
FINAL NOTICE: You owe $10000. Pay now to avoid legal action.,spam
Just a heads up that I'll be out of office from Wednesday to Wednesday.,ham
YOU HAVE BEEN SELECTED FOR A SPECIAL CHASE REWARD. CLAIM YOUR $500 TODAY.,spam
URGENT: Your account will be suspended. Verify immediately at claim-prize.co,spam
FINAL NOTICE: You owe $5000. Pay now to avoid legal action.,spam
Quick reminder: the Q4 Review deadline is next Tuesday. Please submit your work.,ham
Quick reminder: the Website Redesign deadline is next Friday. Please submit your work.,ham
YOU HAVE BEEN SELECTED FOR A SPECIAL BANK OF AMERICA REWARD. CLAIM YOUR $10000 TODAY.,spam
YOUR COMPUTER HAS 6415 VIRUSES! DOWNLOAD OUR FREE SCANNER IMMEDIATELY.,spam
Your appointment is confirmed for Wednesday at 4:00 PM with Dr. Lisa.,ham
Meet Emma who makes $1000/day trading crypto. Learn his secret!,spam
Can you send me the latest version of the presentation? Thanks.,ham
"Hi David, your order #4730 has been processed successfully.",ham
"Happy birthday, David! Hope you have a wonderful day.",ham
Your appointment is confirmed for Friday at 4:00 PM with Dr. John.,ham
FREE IPHONE 14! YOU ARE THE 5045TH VISITOR. CLAIM YOUR PRIZE NOW.,spam
Your PayPal account is limited. Confirm your identity at secure-login.xyz immediately.,spam
"Hi Emma, just wanted to follow up on our meeting scheduled for Tuesday.",ham
Meet Michael who makes $50000/day trading crypto. Learn his secret!,spam
Hot singles in your area are waiting. Click here to meet them tonight!,spam
ALERT: Unusual login detected. Click verify-now.net to secure your account NOW.,spam
Thanks for your email. I'll review the contract and get back to you by Monday.,ham
Your computer has 9146 viruses! Download our free scanner immediately.,spam
"Hi, I'm reaching out regarding the Designer position at our company.",ham
I've shared the Marketing Campaign presentation with you on Google Drive.,ham
FINAL NOTICE: YOU OWE $25000. PAY NOW TO AVOID LEGAL ACTION.,spam
"Hi Emma, your order #8381 has been processed successfully.",ham
"Hi John, your order #7594 has been processed successfully.",ham
Meet John who makes $500/day trading crypto. Learn his secret!,spam
"Hi Sarah, can we reschedule our call to Wednesday at 4:00 PM?",ham
URGENT: YOUR ACCOUNT WILL BE SUSPENDED. VERIFY IMMEDIATELY AT VERIFY-NOW.NET,spam
Your computer has 3471 viruses! Download our free scanner immediately.,spam
The quarterly results are in. Please check the attached proposal for details.,ham
Hot singles in your area are waiting. Click here to meet them tonight!,spam
Please find attached the report for Marketing Campaign. Let me know your thoughts.,ham
"Hi Michael, your order #4768 has been processed successfully.",ham
MEET JOHN WHO MAKES $10000/DAY TRADING CRYPTO. LEARN HIS SECRET!,spam
Lose 50 lbs in 30 days! Miracle pill doctors don't want you to know.,spam
Can you send me the latest version of the report? Thanks.,ham
ALERT: Unusual login detected. Click claim-prize.co to secure your account NOW.,spam
Quick reminder: the Budget Analysis deadline is next Monday. Please submit your work.,ham
FREE iPhone 16! You are the 539th visitor. Claim your prize now.,spam
Quick reminder: the Marketing Campaign deadline is next Friday. Please submit your work.,ham
"Hi Michael, just wanted to follow up on our meeting scheduled for Friday.",ham
Work from home and earn $1000/week. No skills needed. Start today!,spam
Your package has been shipped. Expected delivery: Tuesday. Track at verify-now.net,ham
YOUR PAYPAL ACCOUNT IS LIMITED. CONFIRM YOUR IDENTITY AT SECURE-LOGIN.XYZ IMMEDIATELY.,spam
"Hi David, just wanted to follow up on our meeting scheduled for Monday.",ham
Can you send me the latest version of the proposal? Thanks.,ham
The monthly newsletter is ready. Read about updates to car and more.,ham
Congratulations! You qualify for a $5000 government grant. Apply now.,spam
FREE offer! Get car absolutely free. Limited time offer. Act now!,spam
Exclusive deal for you: iPhone at $10000. Order before midnight!,spam
Reminder: Your subscription renews on Monday. No action needed if you wish to continue.,ham
The Website Redesign is on track. We completed 451% of the milestones this week.,ham
I've shared the Q4 Review presentation with you on Google Drive.,ham
Thanks for your email. I'll review the contract and get back to you by Thursday.,ham
Reminder: Your subscription renews on Tuesday. No action needed if you wish to continue.,ham
FREE offer! Get gift card absolutely free. Limited time offer. Act now!,spam
Make $5000 from home every day! No experience needed. 100% guaranteed.,spam
The Marketing Campaign is on track. We completed 273% of the milestones this week.,ham
The monthly newsletter is ready. Read about updates to gift card and more.,ham
"Happy birthday, John! Hope you have a wonderful day.",ham
URGENT: Your account will be suspended. Verify immediately at verify-now.net,spam
The Marketing Campaign is on track. We completed 121% of the milestones this week.,ham
"Hi, I'm reaching out regarding the Data Analyst position at our company.",ham
The quarterly results are in. Please check the attached report for details.,ham
"Hi, I'm reaching out regarding the Software Engineer position at our company.",ham
MEET LISA WHO MAKES $500/DAY TRADING CRYPTO. LEARN HIS SECRET!,spam
"Hi Michael, your order #8099 has been processed successfully.",ham
The monthly newsletter is ready. Read about updates to vacation package and more.,ham
Quick reminder: the Q4 Review deadline is next Monday. Please submit your work.,ham
Congratulations! You qualify for a $500 government grant. Apply now.,spam
Buy car at 90% discount! Today only. Order now for free shipping!,spam
Congratulations! You qualify for a $25000 government grant. Apply now.,spam
MEET DAVID WHO MAKES $500/DAY TRADING CRYPTO. LEARN HIS SECRET!,spam
Your appointment is confirmed for Tuesday at 10:30 AM with Dr. John.,ham
Please find attached the report for Website Redesign. Let me know your thoughts.,ham
Increase your income by $10000 monthly with our proven system.,spam
Meet Michael who makes $10000/day trading crypto. Learn his secret!,spam
The team lunch is on Thursday at 10:30 AM. Hope to see everyone there!,ham
Can you send me the latest version of the proposal? Thanks.,ham
Meeting notes from Thursday: Q4 Review discussed. Next steps assigned to Lisa.,ham
Your PayPal account is limited. Confirm your identity at claim-prize.co immediately.,spam
Work from home and earn $5000/week. No skills needed. Start today!,spam
HOT SINGLES IN YOUR AREA ARE WAITING. CLICK HERE TO MEET THEM TONIGHT!,spam
Your computer has 1897 viruses! Download our free scanner immediately.,spam
Quick reminder: the Q4 Review deadline is next Thursday. Please submit your work.,ham
Could you please review the presentation before our Monday meeting?,ham
Your package has been shipped. Expected delivery: Monday. Track at claim-prize.co,ham
The monthly newsletter is ready. Read about updates to iPhone and more.,ham
Lose 23 lbs in 30 days! Miracle pill doctors don't want you to know.,spam
Buy gift card at 90% discount! Today only. Order now for free shipping!,spam
URGENT: Your account will be suspended. Verify immediately at secure-login.xyz,spam
Buy car at 90% discount! Today only. Order now for free shipping!,spam
Work from home and earn $10000/week. No skills needed. Start today!,spam
Could you please review the report before our Wednesday meeting?,ham
You have been selected for a special Chase reward. Claim your $500 today.,spam
Congratulations! You qualify for a $25000 government grant. Apply now.,spam
FREE iPhone 13 Max! You are the 1978th visitor. Claim your prize now.,spam
Congratulations! You qualify for a $25000 government grant. Apply now.,spam
INCREASE YOUR INCOME BY $5000 MONTHLY WITH OUR PROVEN SYSTEM.,spam
Make $500 from home every day! No experience needed. 100% guaranteed.,spam
Congratulations! You've won a $5000 prize. Click here to claim now!,spam
Please find attached the report for Budget Analysis. Let me know your thoughts.,ham
I've shared the Q4 Review presentation with you on Google Drive.,ham
"Hi John, can we reschedule our call to Friday at 9:00 AM?",ham
Just a heads up that I'll be out of office from Monday to Monday.,ham
Meet Lisa who makes $50000/day trading crypto. Learn his secret!,spam
Could you please review the presentation before our Wednesday meeting?,ham
ALERT: Unusual login detected. Click claim-prize.co to secure your account NOW.,spam
Can you send me the latest version of the spreadsheet? Thanks.,ham
"Hi Michael, just wanted to follow up on our meeting scheduled for Tuesday.",ham
Your package has been shipped. Expected delivery: Thursday. Track at secure-login.xyz,ham
Congratulations! You've won a $5000 prize. Click here to claim now!,spam
FINAL NOTICE: You owe $50000. Pay now to avoid legal action.,spam
Your computer has 5627 viruses! Download our free scanner immediately.,spam
The team lunch is on Monday at 2:00 PM. Hope to see everyone there!,ham
FREE OFFER! GET GIFT CARD ABSOLUTELY FREE. LIMITED TIME OFFER. ACT NOW!,spam
Thanks for your email. I'll review the presentation and get back to you by Tuesday.,ham
CONGRATULATIONS! YOU'VE WON A $500 PRIZE. CLICK HERE TO CLAIM NOW!,spam
URGENT: Your account will be suspended. Verify immediately at secure-login.xyz,spam
URGENT: Your account will be suspended. Verify immediately at secure-login.xyz,spam
Please find attached the report for Website Redesign. Let me know your thoughts.,ham
"Hi John, just wanted to follow up on our meeting scheduled for Wednesday.",ham
Your appointment is confirmed for Monday at 3:30 PM with Dr. David.,ham
FREE offer! Get gift card absolutely free. Limited time offer. Act now!,spam
FREE OFFER! GET VACATION PACKAGE ABSOLUTELY FREE. LIMITED TIME OFFER. ACT NOW!,spam
The Budget Analysis is on track. We completed 353% of the milestones this week.,ham
Could you please review the contract before our Thursday meeting?,ham
The Budget Analysis is on track. We completed 235% of the milestones this week.,ham
HOT SINGLES IN YOUR AREA ARE WAITING. CLICK HERE TO MEET THEM TONIGHT!,spam
"Hi David, just wanted to follow up on our meeting scheduled for Monday.",ham
The Website Redesign is on track. We completed 189% of the milestones this week.,ham
ALERT: Unusual login detected. Click verify-now.net to secure your account NOW.,spam
Can you send me the latest version of the presentation? Thanks.,ham
"Hi, I'm reaching out regarding the Designer position at our company.",ham
The monthly newsletter is ready. Read about updates to gift card and more.,ham
FREE iPhone 13 Max! You are the 5667th visitor. Claim your prize now.,spam
"Hi, I'm reaching out regarding the Product Manager position at our company.",ham
"Hi Michael, can we reschedule our call to Monday at 3:30 PM?",ham
The quarterly results are in. Please check the attached contract for details.,ham
Quick reminder: the Website Redesign deadline is next Monday. Please submit your work.,ham
Reminder: Your subscription renews on Wednesday. No action needed if you wish to continue.,ham
FREE iPhone 16! You are the 439th visitor. Claim your prize now.,spam
Work from home and earn $1000/week. No skills needed. Start today!,spam
"Hi Michael, can we reschedule our call to Monday at 4:00 PM?",ham
Your appointment is confirmed for Monday at 9:00 AM with Dr. David.,ham
ALERT: UNUSUAL LOGIN DETECTED. CLICK SECURE-LOGIN.XYZ TO SECURE YOUR ACCOUNT NOW.,spam
"Hi David, can we reschedule our call to Thursday at 10:30 AM?",ham
Thanks for your email. I'll review the proposal and get back to you by Thursday.,ham
The Budget Analysis is on track. We completed 143% of the milestones this week.,ham
"Hi Michael, can we reschedule our call to Wednesday at 2:00 PM?",ham
I've shared the Website Redesign presentation with you on Google Drive.,ham
Your package has been shipped. Expected delivery: Tuesday. Track at claim-prize.co,ham
Please find attached the report for Budget Analysis. Let me know your thoughts.,ham
FREE IPHONE 13 MAX! YOU ARE THE 4065TH VISITOR. CLAIM YOUR PRIZE NOW.,spam
"Hi Emma, your order #7912 has been processed successfully.",ham
Your package has been shipped. Expected delivery: Tuesday. Track at claim-prize.co,ham
"DEAR WINNER, YOUR EMAIL HAS WON THE EURO MILLIONS LOTTERY. SEND DETAILS TO CLAIM.",spam
Work from home and earn $1000/week. No skills needed. Start today!,spam
Meet Emma who makes $1000/day trading crypto. Learn his secret!,spam
Can you send me the latest version of the report? Thanks.,ham
Please find attached the report for Budget Analysis. Let me know your thoughts.,ham
MAKE $1000 FROM HOME EVERY DAY! NO EXPERIENCE NEEDED. 100% GUARANTEED.,spam
Congratulations! You've won a $1000 prize. Click here to claim now!,spam
YOUR COMPUTER HAS 8656 VIRUSES! DOWNLOAD OUR FREE SCANNER IMMEDIATELY.,spam
Meeting notes from Friday: Q4 Review discussed. Next steps assigned to Sarah.,ham
Exclusive deal for you: car at $10000. Order before midnight!,spam
"Hi Lisa, just wanted to follow up on our meeting scheduled for Friday.",ham
Reminder: Your subscription renews on Friday. No action needed if you wish to continue.,ham
"Hi, I'm reaching out regarding the Software Engineer position at our company.",ham
EXCLUSIVE DEAL FOR YOU: CAR AT $5000. ORDER BEFORE MIDNIGHT!,spam
Work from home and earn $5000/week. No skills needed. Start today!,spam
FINAL NOTICE: YOU OWE $5000. PAY NOW TO AVOID LEGAL ACTION.,spam
Make $25000 from home every day! No experience needed. 100% guaranteed.,spam
The quarterly results are in. Please check the attached presentation for details.,ham
Congratulations! You qualify for a $25000 government grant. Apply now.,spam
"Hi John, your order #6428 has been processed successfully.",ham
"Hi Lisa, your order #7628 has been processed successfully.",ham
The Website Redesign is on track. We completed 33% of the milestones this week.,ham
Increase your income by $10000 monthly with our proven system.,spam
EXCLUSIVE DEAL FOR YOU: IPHONE AT $25000. ORDER BEFORE MIDNIGHT!,spam
Hot singles in your area are waiting. Click here to meet them tonight!,spam
Hot singles in your area are waiting. Click here to meet them tonight!,spam
ALERT: Unusual login detected. Click claim-prize.co to secure your account NOW.,spam
I've shared the Q4 Review presentation with you on Google Drive.,ham
ALERT: Unusual login detected. Click claim-prize.co to secure your account NOW.,spam
Exclusive deal for you: vacation package at $25000. Order before midnight!,spam
The quarterly results are in. Please check the attached presentation for details.,ham
The quarterly results are in. Please check the attached report for details.,ham
Could you please review the proposal before our Tuesday meeting?,ham
FREE IPHONE 14! YOU ARE THE 817TH VISITOR. CLAIM YOUR PRIZE NOW.,spam
Quick reminder: the Q4 Review deadline is next Wednesday. Please submit your work.,ham
Just a heads up that I'll be out of office from Tuesday to Tuesday.,ham
Could you please review the presentation before our Wednesday meeting?,ham
Your appointment is confirmed for Thursday at 9:00 AM with Dr. Michael.,ham
Lose 15 lbs in 14 days! Miracle pill doctors don't want you to know.,spam
"Hi Emma, just wanted to follow up on our meeting scheduled for Tuesday.",ham
FREE iPhone 13 Max! You are the 5403th visitor. Claim your prize now.,spam
The monthly newsletter is ready. Read about updates to iPhone and more.,ham
Your PayPal account is limited. Confirm your identity at verify-now.net immediately.,spam
You have been selected for a special Bank of America reward. Claim your $5000 today.,spam
Could you please review the proposal before our Monday meeting?,ham
"Dear winner, your email has won the Mega Millions lottery. Send details to claim.",spam
"Happy birthday, Emma! Hope you have a wonderful day.",ham
"Hi Lisa, just wanted to follow up on our meeting scheduled for Monday.",ham
"Hi, I'm reaching out regarding the Designer position at our company.",ham
I've shared the Website Redesign presentation with you on Google Drive.,ham
The monthly newsletter is ready. Read about updates to vacation package and more.,ham
"Hi Michael, can we reschedule our call to Tuesday at 9:00 AM?",ham
Buy gift card at 90% discount! Today only. Order now for free shipping!,spam
Thanks for your email. I'll review the proposal and get back to you by Wednesday.,ham
I've shared the Marketing Campaign presentation with you on Google Drive.,ham
Reminder: Your subscription renews on Thursday. No action needed if you wish to continue.,ham
CONGRATULATIONS! YOU'VE WON A $25000 PRIZE. CLICK HERE TO CLAIM NOW!,spam
The team lunch is on Wednesday at 9:00 AM. Hope to see everyone there!,ham
"Hi John, your order #2567 has been processed successfully.",ham
The quarterly results are in. Please check the attached proposal for details.,ham
Make $500 from home every day! No experience needed. 100% guaranteed.,spam
FINAL NOTICE: You owe $10000. Pay now to avoid legal action.,spam
Can you send me the latest version of the proposal? Thanks.,ham
"Hi Lisa, just wanted to follow up on our meeting scheduled for Wednesday.",ham
Increase your income by $10000 monthly with our proven system.,spam
MAKE $500 FROM HOME EVERY DAY! NO EXPERIENCE NEEDED. 100% GUARANTEED.,spam
Your appointment is confirmed for Wednesday at 3:30 PM with Dr. John.,ham
I've shared the Website Redesign presentation with you on Google Drive.,ham
Your package has been shipped. Expected delivery: Tuesday. Track at claim-prize.co,ham
The monthly newsletter is ready. Read about updates to vacation package and more.,ham
Congratulations! You qualify for a $50000 government grant. Apply now.,spam
MAKE $500 FROM HOME EVERY DAY! NO EXPERIENCE NEEDED. 100% GUARANTEED.,spam
"Happy birthday, Michael! Hope you have a wonderful day.",ham
URGENT: Your account will be suspended. Verify immediately at claim-prize.co,spam
Just a heads up that I'll be out of office from Wednesday to Wednesday.,ham
"Hi Lisa, can we reschedule our call to Wednesday at 3:30 PM?",ham
Your PayPal account is limited. Confirm your identity at claim-prize.co immediately.,spam
Quick reminder: the Q4 Review deadline is next Wednesday. Please submit your work.,ham
You have been selected for a special Bank of America reward. Claim your $25000 today.,spam
FREE iPhone 16! You are the 5213th visitor. Claim your prize now.,spam
Please find attached the report for Q4 Review. Let me know your thoughts.,ham
ALERT: UNUSUAL LOGIN DETECTED. CLICK CLAIM-PRIZE.CO TO SECURE YOUR ACCOUNT NOW.,spam
Exclusive deal for you: vacation package at $25000. Order before midnight!,spam
Meet Michael who makes $10000/day trading crypto. Learn his secret!,spam
The Website Redesign is on track. We completed 346% of the milestones this week.,ham
Meet David who makes $25000/day trading crypto. Learn his secret!,spam
The Website Redesign is on track. We completed 240% of the milestones this week.,ham
YOUR COMPUTER HAS 8315 VIRUSES! DOWNLOAD OUR FREE SCANNER IMMEDIATELY.,spam
Reminder: Your subscription renews on Monday. No action needed if you wish to continue.,ham
FINAL NOTICE: You owe $25000. Pay now to avoid legal action.,spam
Please find attached the report for Budget Analysis. Let me know your thoughts.,ham
Exclusive deal for you: laptop at $10000. Order before midnight!,spam
Exclusive deal for you: car at $5000. Order before midnight!,spam
The team lunch is on Friday at 10:30 AM. Hope to see everyone there!,ham
Meeting notes from Monday: Website Redesign discussed. Next steps assigned to Emma.,ham
Just a heads up that I'll be out of office from Thursday to Thursday.,ham
LOSE 23 LBS IN 14 DAYS! MIRACLE PILL DOCTORS DON'T WANT YOU TO KNOW.,spam
Can you send me the latest version of the proposal? Thanks.,ham
"Hi Emma, your order #9558 has been processed successfully.",ham
Congratulations! You qualify for a $1000 government grant. Apply now.,spam
Reminder: Your subscription renews on Wednesday. No action needed if you wish to continue.,ham
Can you send me the latest version of the spreadsheet? Thanks.,ham
Please find attached the report for Marketing Campaign. Let me know your thoughts.,ham
Just a heads up that I'll be out of office from Wednesday to Wednesday.,ham
The monthly newsletter is ready. Read about updates to laptop and more.,ham
Please find attached the report for Budget Analysis. Let me know your thoughts.,ham
Your package has been shipped. Expected delivery: Monday. Track at secure-login.xyz,ham
Can you send me the latest version of the contract? Thanks.,ham
I've shared the Marketing Campaign presentation with you on Google Drive.,ham
Quick reminder: the Budget Analysis deadline is next Friday. Please submit your work.,ham
FREE iPhone 16! You are the 5223th visitor. Claim your prize now.,spam
Your package has been shipped. Expected delivery: Monday. Track at claim-prize.co,ham
ALERT: Unusual login detected. Click secure-login.xyz to secure your account NOW.,spam
FINAL NOTICE: You owe $10000. Pay now to avoid legal action.,spam
Quick reminder: the Marketing Campaign deadline is next Thursday. Please submit your work.,ham
FREE iPhone 13 Max! You are the 2489th visitor. Claim your prize now.,spam
Can you send me the latest version of the presentation? Thanks.,ham
The Q4 Review is on track. We completed 34% of the milestones this week.,ham
ALERT: Unusual login detected. Click verify-now.net to secure your account NOW.,spam
Make $25000 from home every day! No experience needed. 100% guaranteed.,spam
Can you send me the latest version of the spreadsheet? Thanks.,ham
WORK FROM HOME AND EARN $500/WEEK. NO SKILLS NEEDED. START TODAY!,spam
I've shared the Budget Analysis presentation with you on Google Drive.,ham
Meeting notes from Tuesday: Website Redesign discussed. Next steps assigned to David.,ham
"Happy birthday, Emma! Hope you have a wonderful day.",ham
I've shared the Budget Analysis presentation with you on Google Drive.,ham
Lose 45 lbs in 21 days! Miracle pill doctors don't want you to know.,spam
Lose 42 lbs in 30 days! Miracle pill doctors don't want you to know.,spam
I've shared the Q4 Review presentation with you on Google Drive.,ham
Can you send me the latest version of the spreadsheet? Thanks.,ham
Congratulations! You qualify for a $10000 government grant. Apply now.,spam
Meeting notes from Thursday: Q4 Review discussed. Next steps assigned to Emma.,ham
"Hi John, your order #1111 has been processed successfully.",ham
"Hi John, just wanted to follow up on our meeting scheduled for Thursday.",ham
Just a heads up that I'll be out of office from Friday to Friday.,ham
"Hi, I'm reaching out regarding the Designer position at our company.",ham
The quarterly results are in. Please check the attached contract for details.,ham
The quarterly results are in. Please check the attached proposal for details.,ham
Please find attached the report for Marketing Campaign. Let me know your thoughts.,ham
"Dear winner, your email has won the UK National lottery. Send details to claim.",spam
"Hi, I'm reaching out regarding the Software Engineer position at our company.",ham
Exclusive deal for you: iPhone at $50000. Order before midnight!,spam
Your computer has 7659 viruses! Download our free scanner immediately.,spam
"Happy birthday, John! Hope you have a wonderful day.",ham
The monthly newsletter is ready. Read about updates to gift card and more.,ham
The quarterly results are in. Please check the attached contract for details.,ham
"Hi John, can we reschedule our call to Thursday at 10:30 AM?",ham
Exclusive deal for you: gift card at $500. Order before midnight!,spam
Exclusive deal for you: laptop at $10000. Order before midnight!,spam
"Hi Sarah, your order #9635 has been processed successfully.",ham
Congratulations! You've won a $500 prize. Click here to claim now!,spam
I've shared the Q4 Review presentation with you on Google Drive.,ham
Congratulations! You qualify for a $10000 government grant. Apply now.,spam
Meet Emma who makes $1000/day trading crypto. Learn his secret!,spam
Increase your income by $10000 monthly with our proven system.,spam
URGENT: YOUR ACCOUNT WILL BE SUSPENDED. VERIFY IMMEDIATELY AT CLAIM-PRIZE.CO,spam
FREE OFFER! GET CAR ABSOLUTELY FREE. LIMITED TIME OFFER. ACT NOW!,spam
FREE iPhone 13 Max! You are the 7050th visitor. Claim your prize now.,spam
Could you please review the contract before our Wednesday meeting?,ham
"Happy birthday, Lisa! Hope you have a wonderful day.",ham
ALERT: Unusual login detected. Click verify-now.net to secure your account NOW.,spam
EXCLUSIVE DEAL FOR YOU: CAR AT $5000. ORDER BEFORE MIDNIGHT!,spam
FINAL NOTICE: You owe $5000. Pay now to avoid legal action.,spam
Could you please review the presentation before our Thursday meeting?,ham
Your PayPal account is limited. Confirm your identity at secure-login.xyz immediately.,spam
Work from home and earn $25000/week. No skills needed. Start today!,spam
"Dear winner, your email has won the UK National lottery. Send details to claim.",spam
Can you send me the latest version of the presentation? Thanks.,ham
YOU HAVE BEEN SELECTED FOR A SPECIAL CITI REWARD. CLAIM YOUR $50000 TODAY.,spam
"Hi Emma, can we reschedule our call to Tuesday at 10:30 AM?",ham
Please find attached the report for Q4 Review. Let me know your thoughts.,ham
The team lunch is on Tuesday at 9:00 AM. Hope to see everyone there!,ham
FREE OFFER! GET IPHONE ABSOLUTELY FREE. LIMITED TIME OFFER. ACT NOW!,spam
"Hi John, just wanted to follow up on our meeting scheduled for Tuesday.",ham
Congratulations! You qualify for a $50000 government grant. Apply now.,spam
"Hi Michael, can we reschedule our call to Wednesday at 9:00 AM?",ham
YOUR COMPUTER HAS 9315 VIRUSES! DOWNLOAD OUR FREE SCANNER IMMEDIATELY.,spam
Meeting notes from Tuesday: Website Redesign discussed. Next steps assigned to Sarah.,ham
Investment opportunity: 384% returns guaranteed. Join 500 investors.,spam
"Hi Lisa, just wanted to follow up on our meeting scheduled for Tuesday.",ham
EXCLUSIVE DEAL FOR YOU: GIFT CARD AT $5000. ORDER BEFORE MIDNIGHT!,spam
FINAL NOTICE: You owe $25000. Pay now to avoid legal action.,spam
"Hi Lisa, can we reschedule our call to Thursday at 2:00 PM?",ham
Meet Michael who makes $25000/day trading crypto. Learn his secret!,spam
Your package has been shipped. Expected delivery: Monday. Track at verify-now.net,ham
Just a heads up that I'll be out of office from Wednesday to Wednesday.,ham
ALERT: Unusual login detected. Click verify-now.net to secure your account NOW.,spam
"Hi Sarah, can we reschedule our call to Monday at 10:30 AM?",ham
Can you send me the latest version of the spreadsheet? Thanks.,ham
"Hi Michael, just wanted to follow up on our meeting scheduled for Monday.",ham
YOUR COMPUTER HAS 2167 VIRUSES! DOWNLOAD OUR FREE SCANNER IMMEDIATELY.,spam
FINAL NOTICE: You owe $5000. Pay now to avoid legal action.,spam
"Happy birthday, John! Hope you have a wonderful day.",ham
FINAL NOTICE: You owe $25000. Pay now to avoid legal action.,spam
"Hi Michael, can we reschedule our call to Monday at 3:30 PM?",ham
URGENT: YOUR ACCOUNT WILL BE SUSPENDED. VERIFY IMMEDIATELY AT SECURE-LOGIN.XYZ,spam
I've shared the Q4 Review presentation with you on Google Drive.,ham
Lose 30 lbs in 30 days! Miracle pill doctors don't want you to know.,spam
Your appointment is confirmed for Thursday at 3:30 PM with Dr. Michael.,ham
You have been selected for a special Chase reward. Claim your $500 today.,spam
URGENT: Your account will be suspended. Verify immediately at secure-login.xyz,spam
Your computer has 6545 viruses! Download our free scanner immediately.,spam
"Hi, I'm reaching out regarding the Designer position at our company.",ham
Your PayPal account is limited. Confirm your identity at verify-now.net immediately.,spam
URGENT: Your account will be suspended. Verify immediately at claim-prize.co,spam
The Q4 Review is on track. We completed 49% of the milestones this week.,ham
Work from home and earn $25000/week. No skills needed. Start today!,spam
Reminder: Your subscription renews on Monday. No action needed if you wish to continue.,ham
"Hi Lisa, your order #737 has been processed successfully.",ham
Meeting notes from Thursday: Website Redesign discussed. Next steps assigned to John.,ham
Lose 33 lbs in 30 days! Miracle pill doctors don't want you to know.,spam
Reminder: Your subscription renews on Friday. No action needed if you wish to continue.,ham
"Happy birthday, David! Hope you have a wonderful day.",ham
Can you send me the latest version of the proposal? Thanks.,ham
Congratulations! You qualify for a $10000 government grant. Apply now.,spam
I've shared the Marketing Campaign presentation with you on Google Drive.,ham
Reminder: Your subscription renews on Wednesday. No action needed if you wish to continue.,ham
Work from home and earn $25000/week. No skills needed. Start today!,spam
I've shared the Marketing Campaign presentation with you on Google Drive.,ham
CONGRATULATIONS! YOU'VE WON A $10000 PRIZE. CLICK HERE TO CLAIM NOW!,spam
"Happy birthday, Lisa! Hope you have a wonderful day.",ham
I've shared the Website Redesign presentation with you on Google Drive.,ham
"Dear winner, your email has won the UK National lottery. Send details to claim.",spam
FREE OFFER! GET LAPTOP ABSOLUTELY FREE. LIMITED TIME OFFER. ACT NOW!,spam
FINAL NOTICE: You owe $500. Pay now to avoid legal action.,spam
Increase your income by $25000 monthly with our proven system.,spam
"Hi Emma, your order #8927 has been processed successfully.",ham
URGENT: Your account will be suspended. Verify immediately at secure-login.xyz,spam
The Marketing Campaign is on track. We completed 98% of the milestones this week.,ham
Meet Emma who makes $5000/day trading crypto. Learn his secret!,spam
Please find attached the report for Q4 Review. Let me know your thoughts.,ham
ALERT: Unusual login detected. Click verify-now.net to secure your account NOW.,spam
The team lunch is on Tuesday at 2:00 PM. Hope to see everyone there!,ham
Your appointment is confirmed for Friday at 10:30 AM with Dr. Lisa.,ham
Increase your income by $1000 monthly with our proven system.,spam
URGENT: Your account will be suspended. Verify immediately at secure-login.xyz,spam
Investment opportunity: 211% returns guaranteed. Join 25000 investors.,spam
FREE offer! Get vacation package absolutely free. Limited time offer. Act now!,spam
Your package has been shipped. Expected delivery: Friday. Track at claim-prize.co,ham
The monthly newsletter is ready. Read about updates to car and more.,ham
"Hi Michael, your order #5114 has been processed successfully.",ham
"Hi Sarah, your order #1341 has been processed successfully.",ham
The quarterly results are in. Please check the attached contract for details.,ham
